/*!40103 SET @OLD_TIME_ZONE=@@TIME_ZONE */;
/*!40103 SET TIME_ZONE='+00:00' */;
/*!40014 SET @OLD_UNIQUE_CHECKS=@@UNIQUE_CHECKS, UNIQUE_CHECKS=0 */;
/*!40014 SET @OLD_FOREIGN_KEY_CHECKS=@@FOREIGN_KEY_CHECKS, FOREIGN_KEY_CHECKS=0 */;
/*!40101 SET @OLD_SQL_MODE=@@SQL_MODE, SQL_MODE='NO_AUTO_VALUE_ON_ZERO' */;
/*!40111 SET @OLD_SQL_NOTES=@@SQL_NOTES, SQL_NOTES=0 */;

LOCK TABLES `Commissions` WRITE;
/*!40000 ALTER TABLE `Commissions` DISABLE KEYS */;
INSERT INTO `Commissions` (`id`, `amount`, `referredPurchaseId`, `createdAt`, `updatedAt`, `UserId`, `referrerId`) VALUES (1,1500,1,'2025-06-22 19:13:46','2025-06-22 19:13:46',NULL,NULL),(2,1120,2,'2025-06-22 19:17:30','2025-06-22 19:17:30',NULL,NULL),(3,1120,3,'2025-06-22 20:28:14','2025-06-22 20:28:14',NULL,NULL),(4,1500,4,'2025-06-22 21:17:26','2025-06-22 21:17:26',14,NULL),(5,1500,5,'2025-06-22 21:19:59','2025-06-22 21:19:59',14,NULL),(6,1960,6,'2025-06-22 21:20:42','2025-06-22 21:20:42',14,NULL),(7,840,7,'2025-06-22 21:21:00','2025-06-22 21:21:00',14,NULL),(8,760,8,'2025-06-22 21:21:22','2025-06-22 21:21:22',14,NULL),(9,20,12,'2025-06-25 19:55:21','2025-06-25 19:55:21',NULL,NULL),(10,760,13,'2025-06-25 19:55:30','2025-06-25 19:55:30',NULL,NULL),(11,60,14,'2025-06-25 20:16:57','2025-06-25 20:16:57',14,NULL),(12,20,16,'2025-06-27 10:00:31','2025-06-27 10:00:31',14,NULL),(13,20,17,'2025-06-27 16:07:45','2025-06-27 16:07:45',14,NULL),(14,60,18,'2025-06-27 18:56:26','2025-06-27 18:56:26',14,NULL),(15,60,19,'2025-06-27 19:03:20','2025-06-27 19:03:20',14,NULL),(16,50,20,'2025-06-27 19:04:21','2025-06-27 19:04:21',14,NULL),(17,20,21,'2025-06-27 21:18:19','2025-06-27 21:18:19',14,NULL),(18,20,22,'2025-06-30 16:10:30','2025-06-30 16:10:30',14,NULL),(19,50,23,'2025-06-30 17:25:40','2025-06-30 17:25:40',14,NULL),(20,760,24,'2025-07-02 12:00:29','2025-07-02 12:00:29',14,NULL),(21,20,25,'2025-07-03 13:19:42','2025-07-03 13:19:42',14,NULL),(22,20,26,'2025-07-08 13:16:35','2025-07-08 13:16:35',14,NULL),(23,100,27,'2025-07-11 12:25:21','2025-07-11 12:25:21',14,NULL);
/*!40000 ALTER TABLE `Commissions` ENABLE KEYS */;
UNLOCK TABLES;

LOCK TABLES `Products` WRITE;
/*!40000 ALTER TABLE `Products` DISABLE KEYS */;
INSERT INTO `Products` (`id`, `name`, `type`, `price`, `description`, `imageUrl`, `createdAt`, `updatedAt`) VALUES (1,'Brilliant Diamond','Diamond',7500,NULL,'data:image/svg+xml;base64,PHN2ZyB3aWR0aD0iMzAwIiBoZWlnaHQ9IjIwMCIgdmlld0JveD0iMCAwIDMwMCAyMDAiIGZpbGw9Im5vbmUiIHhtbG5zPSJodHRwOi8vd3d3LnczLm9yZy8yMDAwL3N2ZyI+CjxkZWZzPgo8bGluZWFyR3JhZGllbnQgaWQ9ImRpYW1vbmQiIHgxPSIwJSIgeTE9IjAlIiB4Mj0iMTAwJSIgeTI9IjEwMCUiPgo8c3RvcCBvZmZzZXQ9IjAlIiBzdG9wLWNvbG9yPSIjZmZmZmZmIiBzdG9wLW9wYWNpdHk9IjAuOSIvPgo8c3RvcCBvZmZzZXQ9IjUwJSIgc3RvcC1jb2xvcj0iI2Y0ZjRmNCIgc3RvcC1vcGFjaXR5PSIwLjciLz4KPHN0b3Agb2Zmc2V0PSIxMDAlIiBzdG9wLWNvbG9yPSIjZTVlNWU1IiBzdG9wLW9wYWNpdHk9IjAuNiIvPgo8L2xpbmVhckdyYWRpZW50Pgo8L2RlZnM+CjxyZWN0IHdpZHRoPSIzMDAiIGhlaWdodD0iMjAwIiBmaWxsPSIjMGYwZjIzIi8+Cjxwb2x5Z29uIHBvaW50cz0iMTUwLDMwIDIwMCw3MCAyMDAsOTUgMTcwLDE0MCA4NSw5NSAxMDAsNzAiIGZpbGw9InVybCgjZGlhbW9uZCkiIHN0cm9rZT0iI2RkZGRkZCIgc3Ryb2tlLXdpZHRoPSIyIi8+CjxwYXRoIGQ9Ik0xMTAgODBMMTMwIDEwMEwxNTAgODBMMTcwIDEwMEwxOTAgODAiIHN0cm9rZT0iI2Y5ZjlmOSIgc3Ryb2tlLXdpZHRoPSIxIiBmaWxsPSJub25lIi8+Cjx0ZXh0IHg9IjE1MCIgeT0iMTgwIiB0ZXh0LWFuY2hvcj0ibWlkZGxlIiBmaWxsPSIjZmZmZmZmIiBmb250LWZhbWlseT0iQXJpYWwiIGZvbnQtc2l6ZT0iMTQiIGZvbnQtd2VpZ2h0PSJib2xkIj5CUklMTElBTlQgRElBTU9ORDwvdGV4dD4KPC9zdmc+','2025-06-20 13:04:07','2025-07-10 16:16:39'),(2,'Green Emerald','Emerald',4200,NULL,'data:image/svg+xml;base64,PHN2ZyB3aWR0aD0iMzAwIiBoZWlnaHQ9IjIwMCIgdmlld0JveD0iMCAwIDMwMCAyMDAiIGZpbGw9Im5vbmUiIHhtbG5zPSJodHRwOi8vd3d3LnczLm9yZy8yMDAwL3N2ZyI+CjxkZWZzPgo8bGluZWFyR3JhZGllbnQgaWQ9ImVtZXJhbGQiIHgxPSIwJSIgeTE9IjAlIiB4Mj0iMTAwJSIgeTI9IjEwMCUiPgo8c3RvcCBvZmZzZXQ9IjAlIiBzdG9wLWNvbG9yPSIjNTBjODc4IiBzdG9wLW9wYWNpdHk9IjAuOSIvPgo8c3RvcCBvZmZzZXQ9IjUwJSIgc3RvcC1jb2xvcj0iIzJkOGY0NyIgc3RvcC1vcGFjaXR5PSIwLjgiLz4KPHN0b3Agb2Zmc2V0PSIxMDAlIiBzdG9wLWNvbG9yPSIjMWE2NjMzIiBzdG9wLW9wYWNpdHk9IjAuNyIvPgo8L2xpbmVhckdyYWRpZW50Pgo8L2RlZnM+CjxyZWN0IHdpZHRoPSIzMDAiIGhlaWdodD0iMjAwIiBmaWxsPSIjMGYyMzBmIi8+Cjxwb2x5Z29uIHBvaW50cz0iMTMwLDQwIDIwMCw0MCAyMDAsNzUgMTk1LDEzMCAxMzUsNzUgMTMwLDQwIiBmaWxsPSJ1cmwoI2VtZXJhbGQpIiBzdHJva2U9IiM4OGQ2OTIiIHN0cm9rZS13aWR0aD0iMiIvPgo8cGF0aCBkPSJNMTQwIDUwTDE2MCA2MEwxODAgNTBMMTg1IDEwMEwxNjUgMTEwTDE0NSAxMDAiIHN0cm9rZT0iIzc3ZGQ3NyIgc3Ryb2tlLXdpZHRoPSIxIiBmaWxsPSJub25lIi8+Cjx0ZXh0IHg9IjE1MCIgeT0iMTgwIiB0ZXh0LWFuY2hvcj0ibWlkZGxlIiBmaWxsPSIjZmZmZmZmIiBmb250LWZhbWlseT0iQXJpYWwiIGZvbnQtc2l6ZT0iMTQiIGZvbnQtd2VpZ2h0PSJib2xkIj5HUkVFTiBFTUVSQUxEPC90ZXh0Pgo8L3N2Zz4=','2025-06-20 13:04:07','2025-07-10 16:16:39'),(3,'Red Ruby Classic','Ruby',3800,NULL,'data:image/svg+xml;base64,PHN2ZyB3aWR0aD0iMzAwIiBoZWlnaHQ9IjIwMCIgdmlld0JveD0iMCAwIDMwMCAyMDAiIGZpbGw9Im5vbmUiIHhtbG5zPSJodHRwOi8vd3d3LnczLm9yZy8yMDAwL3N2ZyI+CjxkZWZzPgo8bGluZWFyR3JhZGllbnQgaWQ9InJ1YnkiIHgxPSIwJSIgeTE9IjAlIiB4Mj0iMTAwJSIgeTI9IjEwMCUiPgo8c3RvcCBvZmZzZXQ9IjAlIiBzdG9wLWNvbG9yPSIjZmY2NjY2IiBzdG9wLW9wYWNpdHk9IjAuOSIvPgo8c3RvcCBvZmZzZXQ9IjUwJSIgc3RvcC1jb2xvcj0iI2RjMTQzYyIgc3RvcC1vcGFjaXR5PSIwLjgiLz4KPHN0b3Agb2Zmc2V0PSIxMDAlIiBzdG9wLWNvbG9yPSIjYjkxMDI4IiBzdG9wLW9wYWNpdHk9IjAuNyIvPgo8L2xpbmVhckdyYWRpZW50Pgo8L2RlZnM+CjxyZWN0IHdpZHRoPSIzMDAiIGhlaWdodD0iMjAwIiBmaWxsPSIjMjMwZjBmIi8+Cjxwb2x5Z29uIHBvaW50cz0iMTI1LDUwIDEzMCw0MCAyMDAsNDAgMjAwLDgwIDE4MCwxMzAgMTMwLDg1IDEyNSw1MCIgZmlsbD0idXJsKCNydWJ5KSIgc3Ryb2tlPSIjZmY4ODg4IiBzdHJva2Utd2lkdGg9IjIiLz4KPHBhdGggZD0iTTEzNSA1NUwxNTUgNjVMMTc1IDU1TDE4NSAxMDBMMTY1IDExMEwxNDUgMTAwIiBzdHJva2U9IiNmZjk5OTkiIHN0cm9rZS13aWR0aD0iMSIgZmlsbD0ibm9uZSIvPgo8dGV4dCB4PSIxNTAiIHk9IjE4MCIgdGV4dC1hbmNob3I9Im1pZGRsZSIgZmlsbD0iI2ZmZmZmZiIgZm9udC1mYW1pbHk9IkFyaWFsIiBmb250LXNpemU9IjE0IiBmb250LXdlaWdodD0iYm9sZCI+UkVEIFJVQlkgQ0xBU1NJQzwvdGV4dD4KPC9zdmc+','2025-06-20 13:04:07','2025-07-10 16:16:39'),(4,'Blue Sapphire Shine','Sapphire',5600,NULL,'data:image/svg+xml;base64,PHN2ZyB3aWR0aD0iMzAwIiBoZWlnaHQ9IjIwMCIgdmlld0JveD0iMCAwIDMwMCAyMDAiIGZpbGw9Im5vbmUiIHhtbG5zPSJodHRwOi8vd3d3LnczLm9yZy8yMDAwL3N2ZyI+CjxkZWZzPgo8bGluZWFyR3JhZGllbnQgaWQ9InNhcHBoaXJlIiB4MT0iMCUiIHkxPSIwJSIgeDI9IjEwMCUiIHkyPSIxMDAlIj4KPHN0b3Agb2Zmc2V0PSIwJSIgc3RvcC1jb2xvcj0iIzY2YTZmZiIgc3RvcC1vcGFjaXR5PSIwLjkiLz4KPHN0b3Agb2Zmc2V0PSI1MCUiIHN0b3AtY29sb3I9IiMyOTYzZGMiIHN0b3Atb3BhY2l0eT0iMC44Ii8+CjxzdG9wIG9mZnNldD0iMTAwJSIgc3RvcC1jb2xvcj0iIzFhNDRiOSIgc3RvcC1vcGFjaXR5PSIwLjciLz4KPC9saW5lYXJHcmFkaWVudD4KPC9kZWZzPgo8cmVjdCB3aWR0aD0iMzAwIiBoZWlnaHQ9IjIwMCIgZmlsbD0iIzBmMTEyMyIvPgo8cG9seWdvbiBwb2ludHM9IjEzMCw0NSAyMDUsNDUgMjAwLDc1IDE4NSwxMzAgMTMwLDg1IDEzMCw0NSIgZmlsbD0idXJsKCNzYXBwaGlyZSkiIHN0cm9rZT0iIzg4YTZkZCIgc3Ryb2tlLXdpZHRoPSIyIi8+CjxwYXRoIGQ9Ik0xNDAgNTVMMTYwIDY1TDE4MCA1NUwxODUgMTAwTDE2NSAxMTBMMTQ1IDEwMCIgc3Ryb2tlPSIjOTlhYWZmIiBzdHJva2Utd2lkdGg9IjEiIGZpbGw9Im5vbmUiLz4KPHRleHQgeD0iMTUwIiB5PSIxODAiIHRleHQtYW5jaG9yPSJtaWRkbGUiIGZpbGw9IiNmZmZmZmYiIGZvbnQtZmFtaWx5PSJBcmlhbCIgZm9udC1zaXplPSIxNCIgZm9udC13ZWlnaHQ9ImJvbGQiPkJMVUUgU0FQUEhJUkUgU0hJTkU8L3RleHQ+Cjwvc3ZnPg==','2025-06-20 13:04:07','2025-07-10 16:16:39');
/*!40000 ALTER TABLE `Products` ENABLE KEYS */;
UNLOCK TABLES;

LOCK TABLES `Purchases` WRITE;
/*!40000 ALTER TABLE `Purchases` DISABLE KEYS */;
INSERT INTO `Purchases` (`id`, `active`, `totalAmount`, `createdAt`, `updatedAt`, `UserId`, `productId`, `status`) VALUES (1,1,7500,'2025-06-22 19:13:46','2025-06-24 10:18:56',8,NULL,'approved'),(2,1,5600,'2025-06-22 19:17:30','2025-06-24 10:19:03',8,NULL,'declined'),(3,1,5600,'2025-06-22 20:28:14','2025-06-25 10:43:32',8,NULL,'approved'),(4,1,7500,'2025-06-22 21:17:26','2025-07-07 09:47:10',15,NULL,'approved'),(5,1,7500,'2025-06-22 21:19:59','2025-07-07 09:47:20',15,NULL,'declined'),(6,1,9800,'2025-06-22 21:20:42','2025-07-07 09:47:22',15,NULL,'declined'),(7,1,4200,'2025-06-22 21:21:00','2025-07-07 09:47:24',15,NULL,'declined'),(8,1,3800,'2025-06-22 21:21:22','2025-07-07 09:47:25',15,NULL,'declined'),(9,1,7500,'2025-06-25 10:09:18','2025-07-07 09:47:29',NULL,NULL,'declined'),(10,1,300,'2025-06-25 18:11:55','2025-06-25 19:54:05',NULL,NULL,'approved'),(11,1,250,'2025-06-25 19:53:03','2025-06-25 19:54:02',NULL,NULL,'approved'),(12,1,100,'2025-06-25 19:55:21','2025-07-07 09:47:31',NULL,NULL,'declined'),(13,1,3800,'2025-06-25 19:55:30','2025-07-07 09:47:34',NULL,NULL,'declined'),(14,1,300,'2025-06-25 20:16:57','2025-06-25 20:17:24',15,NULL,'approved'),(15,1,600,'2025-06-25 23:10:44','2025-06-27 10:09:04',8,NULL,'approved'),(16,1,100,'2025-06-27 10:00:31','2025-06-27 10:01:04',15,NULL,'approved'),(17,1,100,'2025-06-27 16:07:43','2025-07-08 13:14:26',15,NULL,'approved'),(18,1,300,'2025-06-27 18:56:26','2025-06-27 18:56:26',15,NULL,'pending'),(19,1,300,'2025-06-27 19:03:20','2025-06-27 19:03:20',15,NULL,'pending'),(20,1,250,'2025-06-27 19:04:21','2025-06-27 19:04:21',15,NULL,'pending'),(21,1,100,'2025-06-27 21:18:19','2025-06-27 21:18:19',15,NULL,'pending'),(22,1,100,'2025-06-30 16:10:30','2025-06-30 16:10:30',15,NULL,'pending'),(23,1,250,'2025-06-30 17:25:40','2025-07-08 13:14:03',15,NULL,'approved'),(24,1,3800,'2025-07-02 12:00:29','2025-07-02 12:01:44',15,NULL,'approved'),(25,1,100,'2025-07-03 13:19:40','2025-07-03 13:21:49',15,NULL,'approved'),(26,1,100,'2025-07-08 13:16:34','2025-07-08 13:16:34',15,NULL,'pending'),(27,1,500,'2025-07-11 12:25:21','2025-07-11 12:25:21',15,NULL,'pending');
/*!40000 ALTER TABLE `Purchases` ENABLE KEYS */;
UNLOCK TABLES;

LOCK TABLES `SequelizeMeta` WRITE;
/*!40000 ALTER TABLE `SequelizeMeta` DISABLE KEYS */;
INSERT INTO `SequelizeMeta` (`name`) VALUES ('20250623162308-add-userId-productId-to-purchases.js'),('20250625094046-create-purchases.js'),('20250703114905-edit-withdrawal-tables.js');
/*!40000 ALTER TABLE `SequelizeMeta` ENABLE KEYS */;
UNLOCK TABLES;

LOCK TABLES `Sessions` WRITE;
/*!40000 ALTER TABLE `Sessions` DISABLE KEYS */;
INSERT INTO `Sessions` (`sid`, `expires`, `data`, `createdAt`, `updatedAt`) VALUES ('zpL6VvnWyCq0rQQsDKeVE7pUjaoSWXJP','2025-07-11 10:41:46','{\"cookie\":{\"originalMaxAge\":86400000,\"expires\":\"2025-07-10T13:14:56.367Z\",\"secure\":false,\"httpOnly\":true,\"path\":\"/\"},\"userId\":15}','2025-07-09 13:14:56','2025-07-10 10:41:46');
/*!40000 ALTER TABLE `Sessions` ENABLE KEYS */;
UNLOCK TABLES;

LOCK TABLES `Users` WRITE;
/*!40000 ALTER TABLE `Users` DISABLE KEYS */;
INSERT INTO `Users` (`id`, `phone`, `password`, `referralCode`, `referredBy`, `isAdmin`, `isActive`, `createdAt`, `updatedAt`) VALUES (2,'025874125','$2b$10$vvKVGHq63IoBasDY6oKU6OxwVlfNfZtr6z14Mt5f0fYEQV1Lb/15a','D0DVZY',NULL,0,1,'2025-06-17 12:48:08','2025-06-17 12:48:08'),(3,'025874145','$2b$10$URaDp.g6bt8/p/az070SxOhJ/egNkPqNvWujPDC8G85q1.WKqIuzW','N5BP40',NULL,0,1,'2025-06-17 12:52:39','2025-06-17 12:52:39'),(5,'025874149','$2b$10$Gx/PzoAqWoxl3ACFaGl7oeGuc7YBZ7fSA7tZRlMTGq4WKK0DEa762','O3QI1D',NULL,0,1,'2025-06-17 12:53:58','2025-06-17 12:53:58'),(6,'0258741496','$2b$10$KbjmG3t9hLcAaEIwD0Wah.QYMKDKfpgZot2tbdGtL3Hov6QChZI0y','5SZHEQ',NULL,0,1,'2025-06-17 12:56:24','2025-06-17 12:56:24'),(7,'052548','$2b$10$W/ZYxniCGh839/4Ilez7L./kX9LSq.gv80WnDxsBeQJPZDEaRQBD2','GHHU30',NULL,0,1,'2025-06-17 17:08:18','2025-06-17 17:08:18'),(8,'0525489','$2b$10$nJKR5.oY7Dm.IVX96pQZzeyrqPd3qWLNCQQPrWqnCDBVJRfv/mrvi','QNV45C',NULL,0,1,'2025-06-20 08:40:51','2025-06-20 08:40:51'),(9,'098756','$2b$10$4S2yHxNn5dHnEyfx4Pc7PuoG9rMXdGnu809BIOWBsVl0itkus9xgi','NAY69M',NULL,0,1,'2025-06-20 09:46:26','2025-06-20 09:46:26'),(10,'875642','$2b$10$vlxcr7GVHQ1RlVyEddURyeFICVLNGGwyKqvSDRICFiGtzerSvKp0G','8TGXT1',NULL,0,1,'2025-06-20 11:59:22','2025-06-20 11:59:22'),(11,'0890765','$2b$10$NdZWVJkjO2pHQUSrYsOpG.xuLVb.OpS1t/TiWnX.l81W5wCzrdySO','1RV7RT',NULL,0,1,'2025-06-20 13:04:39','2025-06-20 13:04:39'),(12,'lkd','$2b$10$buNaCrmrUnm9Sme6wcgZ.uW8PEQT5Stcsn1CxJFAgO6vyLcpoXTzC','RMFZN9',NULL,0,1,'2025-06-20 15:28:15','2025-06-20 15:28:15'),(13,'7890','$2b$10$cGVQkDPebEtyt0rvBW8N4OgvQsqcgac0IFXhXSF7vwhwyMIncYfh2','V9HE4B',8,0,1,'2025-06-22 20:14:57','2025-06-22 20:14:57'),(14,'1234567890','$2b$10$fbg1Qr4JVWYPu6.YUU2bke00QTsKKvEJLNQ/jPOXc6UAUlgCuQFoi','ADMIN01',NULL,1,1,'2025-06-22 20:53:57','2025-06-22 20:53:57'),(15,'07983','$2b$10$fQSQ9IMlhPRcxxhxjSsWj.0oKUXLnLvgBb5vzqJ6E6O8DAwmLO1mW','C3Z4UI',14,0,1,'2025-06-22 21:17:15','2025-06-22 21:17:15'),(16,'una','$2b$10$1XH284ov0YVAtmOpAPsDlu9YfNud92.rLg04VdajFsPFrSnUhAvte','JDL6F1',14,0,1,'2025-06-23 13:48:51','2025-06-23 13:48:51'),(17,'wfsw','$2b$10$xFED9qdwulhT7Z2xaAXLbeUwRI3fxkK7Tpxl9dPygJC63i35A.NbS','TH0I12',14,0,1,'2025-06-27 16:08:41','2025-06-27 16:08:41'),(18,'987645ts','$2b$10$/Cd64Fy2/HlPlu26fR0FA.HlLSLViSaxaywhYBiwZT/O.qyXDth2u','C45UOU',15,0,1,'2025-06-27 18:21:51','2025-06-27 18:21:51');
/*!40000 ALTER TABLE `Users` ENABLE KEYS */;
UNLOCK TABLES;

LOCK TABLES `Withdrawals` WRITE;
/*!40000 ALTER TABLE `Withdrawals` DISABLE KEYS */;
INSERT INTO `Withdrawals` (`id`, `amount`, `bankName`, `accountNumber`, `status`, `createdAt`, `updatedAt`, `UserId`, `forfeitPurchaseId`, `forfeitedAmount`, `adminNote`, `processedAt`) VALUES (1,100,'absa','12345436','pending','2025-06-25 18:39:51','2025-06-25 18:39:51',NULL,NULL,0.00,NULL,NULL),(2,100,'absa','12345436','pending','2025-06-25 18:48:03','2025-06-25 18:48:03',NULL,NULL,0.00,NULL,NULL),(3,100,'absa','12345436','pending','2025-06-25 18:49:58','2025-06-25 18:49:58',NULL,NULL,0.00,NULL,NULL),(4,100,'absa','12345436','pending','2025-06-25 18:54:22','2025-06-25 18:54:22',NULL,NULL,0.00,NULL,NULL),(5,20,'absa','12345436','pending','2025-06-25 18:55:01','2025-06-25 18:55:01',NULL,NULL,0.00,NULL,NULL),(6,20,'absa','12345436','approved','2025-06-25 18:56:54','2025-07-08 13:13:55',NULL,NULL,0.00,NULL,NULL),(7,10,'absa','12345436','declined','2025-06-25 18:57:29','2025-07-08 13:15:08',NULL,NULL,0.00,NULL,NULL),(8,100,'nedbank','34564324','pending','2025-06-25 20:15:37','2025-06-25 20:15:37',15,NULL,0.00,NULL,NULL),(9,300,'nedbank','34564324','pending','2025-06-25 20:26:46','2025-06-25 20:26:46',15,NULL,0.00,NULL,NULL),(10,200,'nedbank','34564324','pending','2025-06-25 20:29:26','2025-06-25 20:29:26',15,NULL,0.00,NULL,NULL),(11,100,'nedbank','34564324','declined','2025-06-25 20:31:07','2025-07-07 22:41:14',15,NULL,0.00,NULL,NULL),(12,120,'nedbank','34564324','approved','2025-06-25 20:35:18','2025-07-07 22:25:18',15,NULL,0.00,NULL,NULL),(13,100,'absa','12345436','pending','2025-06-25 23:07:15','2025-06-25 23:07:15',8,NULL,0.00,NULL,NULL),(14,130,'absa','12345436','approved','2025-06-25 23:13:01','2025-07-08 13:14:59',8,NULL,0.00,NULL,NULL),(15,110,'absa','12345436','approved','2025-06-25 23:20:35','2025-07-07 22:17:21',8,NULL,0.00,NULL,NULL),(16,100,'absa','123456789','pending','2025-07-11 12:33:56','2025-07-11 12:33:56',15,NULL,0.00,NULL,NULL);
/*!40000 ALTER TABLE `Withdrawals` ENABLE KEYS */;
UNLOCK TABLES;
/*!40103 SET TIME_ZONE=@OLD_TIME_ZONE */;

/*!40101 SET SQL_MODE=@OLD_SQL_MODE */;
/*!40014 SET FOREIGN_KEY_CHECKS=@OLD_FOREIGN_KEY_CHECKS */;
/*!40014 SET UNIQUE_CHECKS=@OLD_UNIQUE_CHECKS */;
/*!40111 SET SQL_NOTES=@OLD_SQL_NOTES */;

